{"accuracy": [0.10826393216848373, 0.0625, 0.10634208470582962, 0.15625, 0.10826393216848373, 0.0625, 0.10634208470582962, 0.15625, 0.10634208470582962, 0.15625], "loss": [-34.68630599975586, -91.95159912109375, -168.29196166992188, -236.14808654785156, -433.80914306640625, -608.9151611328125, -856.6470336914062, -1317.102294921875, -1472.543701171875, -2268.569580078125], "val_accuracy": [0.1071428582072258, 0.10650510340929031, 0.10778061300516129, 0.10841836780309677, 0.10522959381341934, 0.10841836780309677, 0.1071428582072258, 0.1071428582072258, 0.1071428582072258, 0.10841836780309677], "val_loss": [-81.94995880126953, -84.57949829101562, -278.7765197753906, -281.9965515136719, -617.5914916992188, -624.6255493164062, -1136.8837890625, -1148.1160888671875, -1858.0816650390625, -1874.4296875]}