Model,MSE,RMSE,R2 Score
Linear Regression,0.06722396186925518,0.25927584127576403,-1.9877316386335675
Decision Tree Regressor,0.08500000000000019,0.2915475947422653,-2.777777777777791
Random Forest Regressor,0.20058400000000537,0.4478660514037711,-7.914844444444695
SVR,2.070364544769623,1.438876139481652,-91.01620198976113
