{
    "Linear Regression": {
        "MSE": 0.06722396186925518,
        "RMSE": 0.25927584127576403,
        "R2 Score": -1.9877316386335675
    },
    "Decision Tree Regressor": {
        "MSE": 0.08500000000000019,
        "RMSE": 0.2915475947422653,
        "R2 Score": -2.777777777777791
    },
    "Random Forest Regressor": {
        "MSE": 0.20058400000000537,
        "RMSE": 0.4478660514037711,
        "R2 Score": -7.914844444444695
    },
    "SVR": {
        "MSE": 2.070364544769623,
        "RMSE": 1.438876139481652,
        "R2 Score": -91.01620198976113
    }
}